{
  "checkpoint_id": "wikitext103_ed20_15k",
  "spec_commit": "c05b927321cfdd81540bd1a7f4288d1e1787863a",
  "seeds": [
    6,
    23,
    64
  ],
  "n_tokens": 40960,
  "sigma_ce_spearman": -0.13676763382475476,
  "spearman_ci": [
    -0.1467492660164302,
    -0.12682512872196033
  ],
  "permutation_floor": 0.007799717311239166,
  "sigma_trace_cv": 0.04447756713814628,
  "stratified_ce": {
    "sigma_means": [
      33.87297502346337,
      35.373959047719836,
      36.17192513216287,
      36.70275954250246,
      37.097875302657485,
      37.43367575388402,
      37.74593076761812,
      38.06460917554796,
      38.58428777195513,
      39.89233139064163
    ],
    "ce_means": [
      5.50122325109669,
      4.846495095178852,
      4.894744913598515,
      5.414330862370633,
      4.966568949618974,
      4.936819639774228,
      5.429053283382473,
      4.996199376149889,
      4.178819121487198,
      3.299284879814465
    ],
    "monotone": false,
    "mono_spearman": -0.4303030303030303
  },
  "sigma_binned_ece": 0.019473032478435928,
  "thresholds": {
    "spearman_min": 0.2,
    "ece_max": 0.05,
    "alpha": 0.05,
    "n_strata": 10,
    "n_bins": 10,
    "n_boot": 2000,
    "n_perm": 1000
  },
  "status": "FAIL"
}