{
  "input_dir": "vfe3_scaling_results\\grow_K_GL10",
  "n_runs": 36,
  "with_offset": true,
  "n_param_points": 12,
  "n_inference_points": 0,
  "pooled_fit": {
    "form": "offset_power_law",
    "alpha": 0.558386034135071,
    "alpha_ci": [
      0.38989387858015495,
      0.6030902140519345
    ],
    "A": 9968.93379139015,
    "E": 3.950607198514091,
    "r2": 0.9995587201533513,
    "n_points": 12
  },
  "per_route": {},
  "frontier_collapse": null,
  "estep_structural": null
}