{
  "input_dir": "vfe3_scaling_results\\grow_K_GL10",
  "n_runs": 36,
  "with_offset": true,
  "n_param_points": 12,
  "n_inference_points": 0,
  "pooled_fit": {
    "form": "offset_power_law",
    "alpha": 0.5561278738405683,
    "alpha_ci": [
      0.39979218305008274,
      0.5997147775538246
    ],
    "A": 9665.548871850762,
    "E": 3.9452598839424344,
    "r2": 0.999546076160961,
    "n_points": 12
  },
  "per_route": {},
  "frontier_collapse": null,
  "estep_structural": null
}