{
  "config": {
    "seeds": [
      6,
      23,
      64
    ],
    "steps": 3500,
    "batch_size": 512,
    "lr": 0.003,
    "log_every": 100,
    "n_dev": 1000,
    "n_episodes": 5000,
    "budget": 10,
    "candidate_mode": "actions",
    "top_k": 8,
    "beta_C": 5.0,
    "gamma_grid": [
      0.5,
      1.0,
      2.0,
      4.0,
      8.0
    ],
    "adequacy_threshold": 0.98,
    "delta_min": 0.05,
    "alpha": 0.05,
    "out_dir": "vfe3_policy_results/ring_v1"
  },
  "device": "cuda",
  "checkpoints": {
    "6": {
      "adequacy": 1.0,
      "admitted": true,
      "gamma": 1.0,
      "temp": 8.0,
      "dev_success": 1.0,
      "metrics": {
        "full_efe_tuned": {
          "success": 1.0,
          "mean_steps_to_goal": 4.32859992980957,
          "frac_at_goal": 0.6671399474143982,
          "mean_risk": 4.845831871032715,
          "mean_ambiguity": 0.04348387569189072
        },
        "full_efe_g1": {
          "success": 1.0,
          "mean_steps_to_goal": 4.32859992980957,
          "frac_at_goal": 0.6671399474143982,
          "mean_risk": 4.845831871032715,
          "mean_ambiguity": 0.04348387569189072
        },
        "risk_only": {
          "success": 1.0,
          "mean_steps_to_goal": 4.32859992980957,
          "frac_at_goal": 0.6671399474143982,
          "mean_risk": 4.845831871032715,
          "mean_ambiguity": 0.04348387569189072
        },
        "ambiguity_only": {
          "success": 0.00699999975040555,
          "mean_steps_to_goal": 9.936999320983887,
          "frac_at_goal": 0.00699999975040555,
          "mean_risk": 21.602270126342773,
          "mean_ambiguity": 0.04304485395550728
        },
        "flat_pref": {
          "success": 0.012399999424815178,
          "mean_steps_to_goal": 9.893799781799316,
          "frac_at_goal": 0.011859999969601631,
          "mean_risk": 3.4225120544433594,
          "mean_ambiguity": 0.04322388395667076
        },
        "p_data_control": {
          "success": 0.012399999424815178,
          "mean_steps_to_goal": 9.893799781799316,
          "frac_at_goal": 0.011859999969601631,
          "mean_risk": 2.729365587234497,
          "mean_ambiguity": 0.04322388395667076
        },
        "temp_tuned_logprob": {
          "success": 0.06359999626874924,
          "mean_steps_to_goal": 8.824399948120117,
          "frac_at_goal": 0.05289999768137932,
          "mean_risk": 0.0,
          "mean_ambiguity": 0.0
        },
        "logprob_baseline": {
          "success": 0.012399999424815178,
          "mean_steps_to_goal": 9.893799781799316,
          "frac_at_goal": 0.011859999969601631,
          "mean_risk": 0.0,
          "mean_ambiguity": 0.0
        },
        "nucleus": {
          "success": 0.0543999969959259,
          "mean_steps_to_goal": 8.87279987335205,
          "frac_at_goal": 0.0486999973654747,
          "mean_risk": 0.0,
          "mean_ambiguity": 0.0
        },
        "typical": {
          "success": 0.05779999867081642,
          "mean_steps_to_goal": 8.88599967956543,
          "frac_at_goal": 0.049720000475645065,
          "mean_risk": 0.0,
          "mean_ambiguity": 0.0
        },
        "greedy_ref": {
          "success": 0.012399999424815178,
          "mean_steps_to_goal": 9.893799781799316,
          "frac_at_goal": 0.011859999969601631,
          "mean_risk": 0.0,
          "mean_ambiguity": 0.0
        },
        "random": {
          "success": 0.05739999935030937,
          "mean_steps_to_goal": 8.849599838256836,
          "frac_at_goal": 0.049879997968673706,
          "mean_risk": 0.0,
          "mean_ambiguity": 0.0
        }
      },
      "gates": {
        "primary": {
          "p_data_control": {
            "mcnemar_b": 4938,
            "mcnemar_c": 0,
            "chi2": 4936.000202511138,
            "p": 0.0,
            "diff": 0.9876000285148621,
            "ci": [
              0.9846000075340271,
              0.9905999898910522
            ],
            "holm_pass": true
          },
          "temp_tuned_logprob": {
            "mcnemar_b": 4682,
            "mcnemar_c": 0,
            "chi2": 4680.000213583939,
            "p": 0.0,
            "diff": 0.9363999962806702,
            "ci": [
              0.9296000003814697,
              0.9430000185966492
            ],
            "holm_pass": true
          }
        },
        "fdr_grid": {
          "ambiguity_only": {
            "p": 0.0,
            "significant": true
          },
          "flat_pref": {
            "p": 0.0,
            "significant": true
          },
          "p_data_control": {
            "p": 0.0,
            "significant": true
          },
          "temp_tuned_logprob": {
            "p": 0.0,
            "significant": true
          },
          "logprob_baseline": {
            "p": 0.0,
            "significant": true
          },
          "nucleus": {
            "p": 0.0,
            "significant": true
          },
          "typical": {
            "p": 0.0,
            "significant": true
          },
          "greedy_ref": {
            "p": 0.0,
            "significant": true
          },
          "random": {
            "p": 0.0,
            "significant": true
          },
          "full_efe_g1": {
            "p": 1.0,
            "significant": false
          },
          "risk_only": {
            "p": 1.0,
            "significant": false
          }
        },
        "random_clearly_beaten": true,
        "closed_loop_causal": true,
        "go": true
      }
    },
    "23": {
      "adequacy": 1.0,
      "admitted": true,
      "gamma": 1.0,
      "temp": 1.0,
      "dev_success": 1.0,
      "metrics": {
        "full_efe_tuned": {
          "success": 1.0,
          "mean_steps_to_goal": 4.229599952697754,
          "frac_at_goal": 0.6770400404930115,
          "mean_risk": 4.646419048309326,
          "mean_ambiguity": 0.045775674283504486
        },
        "full_efe_g1": {
          "success": 1.0,
          "mean_steps_to_goal": 4.229599952697754,
          "frac_at_goal": 0.6770400404930115,
          "mean_risk": 4.646419048309326,
          "mean_ambiguity": 0.045775674283504486
        },
        "risk_only": {
          "success": 1.0,
          "mean_steps_to_goal": 4.229599952697754,
          "frac_at_goal": 0.6770400404930115,
          "mean_risk": 4.646419048309326,
          "mean_ambiguity": 0.045775674283504486
        },
        "ambiguity_only": {
          "success": 0.034199997782707214,
          "mean_steps_to_goal": 9.176599502563477,
          "frac_at_goal": 0.04567999765276909,
          "mean_risk": 20.453622817993164,
          "mean_ambiguity": 0.04799862578511238
        },
        "flat_pref": {
          "success": 0.034199997782707214,
          "mean_steps_to_goal": 9.14419937133789,
          "frac_at_goal": 0.04747999832034111,
          "mean_risk": 3.4166371822357178,
          "mean_ambiguity": 0.049099262803792953
        },
        "p_data_control": {
          "success": 0.034199997782707214,
          "mean_steps_to_goal": 9.14419937133789,
          "frac_at_goal": 0.04747999832034111,
          "mean_risk": 2.7234904766082764,
          "mean_ambiguity": 0.049099262803792953
        },
        "temp_tuned_logprob": {
          "success": 0.05920000001788139,
          "mean_steps_to_goal": 8.824799537658691,
          "frac_at_goal": 0.0516199991106987,
          "mean_risk": 0.0,
          "mean_ambiguity": 0.0
        },
        "logprob_baseline": {
          "success": 0.034199997782707214,
          "mean_steps_to_goal": 9.14419937133789,
          "frac_at_goal": 0.04747999832034111,
          "mean_risk": 0.0,
          "mean_ambiguity": 0.0
        },
        "nucleus": {
          "success": 0.05199999734759331,
          "mean_steps_to_goal": 8.81820011138916,
          "frac_at_goal": 0.04871999844908714,
          "mean_risk": 0.0,
          "mean_ambiguity": 0.0
        },